{"cameraMode":{"drawMode":0,"name":"Shaded","section":"Shading Mode"},"sceneLighting":false,"audioPlay":false,"sceneViewState":{"showFog":true,"showMaterialUpdate":false,"showSkybox":true,"showFlares":true,"showImageEffects":true,"showParticleSystems":true},"in2DMode":false,"pivot":{"x":60.13792419433594,"y":55.12061309814453,"z":-51.3456916809082},"rotation":{"x":0.37018755078315737,"y":0.21383483707904817,"z":-0.08793197572231293,"w":0.8997644186019898},"size":95.4800796508789,"orthographic":false}